"7000000064593372", "Urban", "Sarila", "MISSING"
"7000000064737610", "Urban", "Sarila", "MISSING"
"7000000064563532", "Urban", "Sarila", "MISSING"
"7000000049454799", "Urban", "Sarila", "MISSING"
"7000000085513472", "Urban", "Sarila", "MISSING"
"7000000064906098", "Urban", "Sarila", "MISSING"
"7000000064599155", "Urban", "Sarila", "MISSING"
"7000000080573777", "Urban", "Sarila", "MISSING"
"7000000064737313", "Urban", "Sarila", "MISSING"
"7000000064563167", "Urban", "Sarila", "MISSING"
"7000000064567930", "Urban", "Sarila", "MISSING"
"7000000064600313", "Urban", "Sarila", "MISSING"
"7000000064640358", "Urban", "Sarila", "MISSING"
"7000000064593245", "Urban", "Sarila", "MISSING"
"7000000080134117", "Urban", "Sarila", "MISSING"
"7000000064594302", "Urban", "Sarila", "MISSING"
"7000000065209116", "Urban", "Sarila", "MISSING"
"7000000080572789", "Urban", "Sarila", "MISSING"
"7000000081132934", "Urban", "Sarila", "MISSING"
"7000000064590890", "Urban", "Sarila", "MISSING"
"7000000064592831", "Urban", "Sarila", "MISSING"
"7000000064591599", "Urban", "Sarila", "MISSING"
"7000000064641696", "Urban", "Sarila", "MISSING"
"7000000064565832", "Urban", "Sarila", "MISSING"
"7000000064592778", "Urban", "Sarila", "MISSING"
"7000000064591711", "Urban", "Sarila", "MISSING"
"7000000064650113", "Urban", "Sarila", "MISSING"
"7000000047332292", "Urban", "Sarila", "MISSING"
"7000000064598628", "Urban", "Sarila", "MISSING"
"7000000064738668", "Urban", "Sarila", "MISSING"
"7000000064651605", "Urban", "Sarila", "MISSING"
"7000000080140936", "Urban", "Sarila", "MISSING"
"7000000064591726", "Urban", "Sarila", "MISSING"
"7000000064651789", "Urban", "Sarila", "MISSING"
"7000000064645790", "Urban", "Sarila", "MISSING"